,Accuracy on train,Accuracy on test,Precision on train,Precision on test,Recall on train,Recall on test
Logistic regression,0.8011756061719324,0.8042509427494001,0.7816920943134535,0.7878017789072427,0.83274231678487,0.8395396073121192
Multilayer perceptron,0.8720058780308597,0.8645869043537882,0.8279822500652572,0.8189858490566038,0.9373522458628841,0.940419769803656
Random forest,0.9184423218221895,0.895783339046966,0.8874281018898932,0.8613678373382625,0.9574468085106383,0.946513202437373
Support vector machine,0.9429831006612784,0.901611244429208,0.9304597701149425,0.8686493184634448,0.956855791962175,0.949221394719025
