,Accuracy on train,Accuracy on test,Precision on train,Precision on test,Recall on train,Recall on test
Logistic regression,0.7938280675973549,0.8083647583133357,0.7732413793103449,0.7897727272727273,0.8283096926713948,0.8469871360866622
Multilayer perceptron,0.817634092578986,0.8056222146040453,0.7471741637831604,0.7369791666666666,0.9571513002364066,0.9580230196343941
Random forest,0.9097722263041881,0.8892697977374014,0.8879551820728291,0.8610763454317898,0.9367612293144209,0.9316181448882871
Support vector machine,0.896399706098457,0.8711004456633528,0.8636980722237306,0.8379373848987108,0.9400118203309693,0.9241706161137441
